timestamp,x,y,z,qx,qy,qz,qw
000000,3.7815e-13,-4.20626e-13,7.93232e-13,-4.79171e-15,1.13383e-14,-1.44723e-15,1
000001,0.957103,0.00689924,0.00953826,-0.000458597,-0.00243739,-0.000763457,0.999997
000002,1.91042,0.00790773,0.023535,0.000339786,-0.00275664,-0.00117949,0.999995
000003,2.86892,0.00528561,0.0331243,0.00119929,-0.000954268,-0.0017268,0.999997
000004,3.82522,0.00544017,0.0468658,0.00294005,0.0016901,-0.000919502,0.999994
000005,4.76623,0.00375585,0.0588777,0.00430277,0.00206856,-0.000172149,0.999989
000006,5.70676,0.00223152,0.067068,0.00577885,0.000859708,-0.000214945,0.999983
000007,6.63346,0.0100073,0.07527,0.00561841,-0.000522748,0.00073127,0.999984
000008,7.56372,0.0207556,0.0857945,0.00586419,-0.000797091,0.0011546,0.999982
000009,8.49734,0.0294993,0.0950268,0.00584469,1.15342e-05,0.00119079,0.999982
000010,9.42306,0.0409051,0.106887,0.00593786,0.00137351,0.00207359,0.999979
000011,10.3462,0.0519019,0.11569,0.00598771,0.00205177,0.00254055,0.999977
000012,11.2708,0.0622755,0.125151,0.00669271,0.00241847,0.00238178,0.999972
000013,12.1801,0.0723777,0.134434,0.00693604,0.00252426,0.00319589,0.999968
000014,13.0834,0.0853876,0.141024,0.00725357,0.00192191,0.00351541,0.999966
000015,13.9883,0.096642,0.146816,0.00783911,0.00112002,0.00374138,0.999962
000016,14.8872,0.111047,0.153408,0.0081129,0.000687866,0.00489247,0.999955
000017,15.7843,0.125604,0.161474,0.00801445,0.000445673,0.00566393,0.999952
000018,16.6809,0.144826,0.171813,0.00765778,9.24639e-05,0.00605202,0.999952
000019,17.5715,0.16397,0.181303,0.00717181,3.95725e-05,0.00723593,0.999948
000020,18.4595,0.183143,0.191888,0.00732902,0.000424763,0.00795332,0.999941
000021,19.3502,0.199718,0.203791,0.0074714,0.000959898,0.00822515,0.999938
000022,20.2359,0.220663,0.213712,0.00731297,0.00124929,0.00927438,0.999929
000023,21.11,0.238928,0.224423,0.00753424,0.00128847,0.0100156,0.999921
000024,21.9792,0.257522,0.232786,0.00757399,0.00112043,0.0105032,0.999916
000025,22.8444,0.280369,0.240768,0.00758033,0.00117914,0.0113954,0.999906
000026,23.7036,0.303523,0.246567,0.00761092,0.00200441,0.0116981,0.999901
000027,24.559,0.32623,0.255628,0.00809205,0.00328898,0.0123317,0.999886
000028,25.3999,0.349546,0.263704,0.00809981,0.00399546,0.0127646,0.999878
000029,26.2293,0.374266,0.27104,0.00775432,0.00359057,0.0128192,0.999881
000030,27.0391,0.402999,0.277185,0.00721119,0.00256824,0.0135054,0.999879
000031,27.8391,0.427982,0.282442,0.00707085,0.00186201,0.0139115,0.999876
000032,28.6356,0.455163,0.286904,0.00694605,0.00179487,0.0141033,0.999875
000033,29.4211,0.485641,0.298179,0.0070607,0.00169771,0.0150591,0.99986
000034,30.1967,0.515351,0.307123,0.00686907,0.00141836,0.0160532,0.999847
000035,30.9639,0.543558,0.316888,0.00669956,0.00139087,0.0167295,0.999837
000036,31.7245,0.576803,0.323779,0.00675735,0.001848,0.0181173,0.999811
000037,32.4774,0.608622,0.332252,0.00705808,0.0027995,0.0191555,0.999788
000038,33.2184,0.639965,0.339001,0.00678899,0.0034225,0.0198206,0.999775
000039,33.9434,0.6772,0.347505,0.00640877,0.00351342,0.0210902,0.999751
000040,34.6625,0.714473,0.352884,0.00526201,0.00309062,0.0217197,0.999745
000041,35.364,0.753406,0.357676,0.00451369,0.00260273,0.0227846,0.999727
000042,36.0627,0.789615,0.362953,0.0042673,0.00309759,0.0235498,0.999709
000043,36.7547,0.823889,0.368929,0.0039313,0.00389285,0.0238348,0.999701
000044,37.4299,0.864179,0.373526,0.0028218,0.00401513,0.0241367,0.999697
000045,38.0906,0.905932,0.382333,0.00132305,0.00309543,0.0235744,0.999716
000046,38.7395,0.938928,0.386137,0.000279287,0.00149453,0.0224458,0.999747
000047,39.3819,0.973169,0.389254,0.000136091,0.000803936,0.021627,0.999766
000048,40.0236,1.00481,0.39427,-0.000312012,0.001185,0.0201543,0.999796
000049,40.662,1.03108,0.402196,-0.00223174,0.00241711,0.0181528,0.99983
000050,41.2807,1.06147,0.407981,-0.00463135,0.00414021,0.0166171,0.999843
000051,41.886,1.08632,0.416824,-0.00709452,0.00476809,0.0144393,0.999859
000052,42.4764,1.10245,0.419625,-0.00944331,0.0048332,0.0115618,0.999877
000053,43.0465,1.12267,0.421492,-0.0112052,0.00579023,0.00887378,0.999881
000054,43.6012,1.13226,0.426272,-0.0136231,0.00644132,0.00559721,0.999871
000055,44.1348,1.13929,0.431343,-0.0155063,0.00636852,0.00186048,0.999858
000056,44.643,1.14789,0.436341,-0.0170348,0.00637709,-0.00154124,0.999833
000057,45.1311,1.15266,0.440042,-0.0192282,0.00617779,-0.00529868,0.999782
000058,45.5944,1.14754,0.441175,-0.0214895,0.00494323,-0.00933822,0.999713
000059,46.034,1.14148,0.4472,-0.0225078,0.00364734,-0.0132278,0.999652
000060,46.4569,1.12549,0.446591,-0.0228444,0.00350296,-0.0173151,0.999583
000061,46.8595,1.10969,0.451904,-0.0224473,0.00418775,-0.0210988,0.999517
000062,47.2347,1.09421,0.453359,-0.0229676,0.00460103,-0.0251027,0.99941
000063,47.5888,1.07857,0.457255,-0.0241909,0.00475936,-0.0297369,0.999254
000064,47.9137,1.06735,0.462092,-0.026636,0.00443642,-0.0339952,0.999057
000065,48.22,1.05417,0.464694,-0.0285198,0.00443702,-0.0385548,0.99884
000066,48.5053,1.02121,0.471198,-0.0281515,0.0048428,-0.0432834,0.998654
000067,48.773,0.993319,0.475694,-0.0278055,0.00431533,-0.0483713,0.998433
000068,49.0355,0.957273,0.480207,-0.0270527,0.0021698,-0.0543732,0.998152
000069,49.2949,0.913151,0.48549,-0.0276123,0.000294283,-0.0612364,0.997741
000070,49.5537,0.87626,0.48746,-0.028332,-0.000531229,-0.0689157,0.99722
000071,49.8133,0.830994,0.491871,-0.0287577,-0.000732963,-0.0772912,0.996593
000072,50.0564,0.782276,0.496612,-0.0287747,-0.000898609,-0.0856804,0.995907
000073,50.3027,0.724098,0.501189,-0.0285707,-0.00103958,-0.094808,0.995085
000074,50.5507,0.655337,0.506566,-0.0281539,-0.000941167,-0.104639,0.994111
000075,50.788,0.591714,0.510564,-0.0281912,-0.00106093,-0.114831,0.992984
000076,51.03,0.522927,0.514294,-0.028851,-0.00160801,-0.125645,0.991654
000077,51.2781,0.440571,0.520279,-0.0292672,-0.00202338,-0.137414,0.990079
000078,51.5142,0.361254,0.525881,-0.0294585,-0.00199126,-0.149779,0.988279
000079,51.7611,0.2714,0.532921,-0.0304232,-0.00177088,-0.163073,0.986143
000080,52.0141,0.167511,0.541393,-0.0311989,-0.00165308,-0.177521,0.983621
000081,52.2467,0.0617464,0.548899,-0.0312889,-0.00160951,-0.192379,0.98082
000082,52.48,-0.0656549,0.559531,-0.0305719,-0.00197937,-0.208337,0.977577
000083,52.7163,-0.210874,0.570784,-0.0289554,-0.00299604,-0.22592,0.973711
000084,52.9379,-0.357036,0.580652,-0.0280767,-0.00450345,-0.244233,0.9693
000085,53.1712,-0.521926,0.588465,-0.0285114,-0.00610012,-0.263539,0.964208
000086,53.3968,-0.689525,0.596715,-0.0289683,-0.00730551,-0.283476,0.958514
000087,53.6304,-0.8752,0.606616,-0.0298544,-0.00804914,-0.30419,0.952109
000088,53.8739,-1.08654,0.620184,-0.0320311,-0.00803899,-0.325678,0.944904
000089,54.1107,-1.29907,0.630019,-0.0344839,-0.00771948,-0.347498,0.937015
000090,54.347,-1.55041,0.643143,-0.0349468,-0.00774006,-0.370386,0.928188
000091,54.5898,-1.83999,0.662128,-0.0338533,-0.00754125,-0.394453,0.918262
000092,54.8114,-2.12875,0.679207,-0.0331796,-0.00750371,-0.418476,0.907591
000093,55.0388,-2.46372,0.693327,-0.0327548,-0.00765723,-0.443072,0.895855
000094,55.2422,-2.80226,0.713288,-0.032209,-0.00822764,-0.468195,0.883
000095,55.4402,-3.18024,0.735532,-0.0313521,-0.00847602,-0.49313,0.869349
000096,55.6348,-3.589,0.758749,-0.0306907,-0.00770713,-0.517507,0.855093
000097,55.808,-3.99621,0.782416,-0.0302036,-0.00594811,-0.540855,0.840553
000098,55.9696,-4.43598,0.798325,-0.0315346,-0.00384428,-0.563442,0.825545
000099,56.1107,-4.90091,0.810592,-0.0319233,-0.00408108,-0.585017,0.810382
000100,56.2077,-5.36548,0.842999,-0.028136,-0.00628869,-0.604863,0.795807
000101,56.2858,-5.8579,0.868374,-0.022575,-0.00886202,-0.623064,0.781795
000102,56.3533,-6.38003,0.898205,-0.0192362,-0.0112071,-0.640099,0.76797
000103,56.4106,-6.89435,0.908288,-0.0191652,-0.0129535,-0.654816,0.755434
000104,56.4463,-7.42704,0.938659,-0.016912,-0.0154763,-0.667507,0.74425
000105,56.4683,-7.97999,0.971309,-0.0139363,-0.0175611,-0.678597,0.734168
000106,56.4814,-8.54259,0.99496,-0.0114459,-0.0189113,-0.687777,0.725586
000107,56.483,-9.12028,1.0193,-0.00932612,-0.0204686,-0.695133,0.718529
000108,56.4849,-9.70904,1.0432,-0.00924748,-0.0212035,-0.701103,0.712685
000109,56.4805,-10.3029,1.07089,-0.00913281,-0.0212878,-0.705715,0.708117
000110,56.473,-10.9136,1.09481,-0.00918785,-0.0216174,-0.709894,0.703917
000111,56.4522,-11.5295,1.12506,-0.00844935,-0.0239774,-0.7131,0.700601
000112,56.4291,-12.1597,1.15665,-0.00750099,-0.0259977,-0.715652,0.697933
000113,56.4063,-12.7975,1.18332,-0.00742704,-0.0257871,-0.717099,0.696454
000114,56.3887,-13.4577,1.21394,-0.0072614,-0.0241494,-0.718524,0.695045
000115,56.3667,-14.1279,1.24225,-0.00550407,-0.0211874,-0.719235,0.694422
000116,56.3393,-14.8097,1.2721,-0.0030829,-0.0193518,-0.719739,0.693968
000117,56.3065,-15.5022,1.29863,-0.00122104,-0.0195337,-0.719905,0.693797
000118,56.2729,-16.1974,1.33255,-0.000538624,-0.021609,-0.720016,0.693621
000119,56.242,-16.8937,1.35509,-0.00292374,-0.0246369,-0.719531,0.694017
000120,56.2172,-17.6013,1.38167,-0.00581236,-0.0270865,-0.718819,0.694646
000121,56.1963,-18.3245,1.40744,-0.00616798,-0.0278291,-0.718252,0.695199
000122,56.1745,-19.0668,1.44374,-0.00472805,-0.0263306,-0.71728,0.696272
000123,56.1561,-19.8133,1.48309,-0.00252431,-0.0241668,-0.716389,0.697278
000124,56.1436,-20.5538,1.51648,-0.00243036,-0.0231606,-0.715564,0.698159
000125,56.1166,-21.2822,1.55415,-0.00182125,-0.027347,-0.714246,0.699358
000126,56.0996,-22.0135,1.59177,-0.00285572,-0.0300843,-0.713086,0.700425
000127,56.0938,-22.7489,1.6214,-0.00540446,-0.0284561,-0.712352,0.701225
000128,56.0956,-23.4946,1.65368,-0.00623523,-0.0256593,-0.710987,0.702709
000129,56.0839,-24.2426,1.69829,-0.0032443,-0.0258938,-0.709382,0.704341
000130,56.0727,-24.9849,1.74261,-0.00167751,-0.0280666,-0.708345,0.705306
000131,56.0713,-25.7252,1.78225,-0.00324851,-0.0296177,-0.70712,0.706465
000132,56.0794,-26.4698,1.81189,-0.00506581,-0.028993,-0.705845,0.707755
000133,56.0896,-27.2157,1.85333,-0.00497053,-0.0284033,-0.704691,0.708928
000134,56.0903,-27.967,1.89405,-0.00271008,-0.0292322,-0.703163,0.710422
000135,56.0928,-28.7125,1.93773,-0.000778739,-0.03103,-0.701925,0.711575
000136,56.1019,-29.4592,1.97976,-8.29103e-06,-0.0326495,-0.70083,0.712581
000137,56.1137,-30.208,2.01861,-2.21554e-05,-0.0325563,-0.699685,0.713709
000138,56.1291,-30.9545,2.05499,0.000591876,-0.0325093,-0.698485,0.714885
000139,56.144,-31.6984,2.10178,0.00189876,-0.0329251,-0.697267,0.716052
000140,56.1684,-32.4452,2.1388,0.00114106,-0.032575,-0.696011,0.717291
000141,56.1981,-33.1942,2.17515,-0.000373481,-0.0321076,-0.69493,0.71836
000142,56.2244,-33.9424,2.21928,-2.17063e-05,-0.0326215,-0.694025,0.719212
000143,56.2584,-34.6999,2.25819,-0.000522228,-0.0319032,-0.692867,0.720359
000144,56.2934,-35.4516,2.29694,-0.0010958,-0.0316158,-0.692416,0.720805
000145,56.3355,-36.2305,2.34381,-0.00193515,-0.0310137,-0.690565,0.722603
000146,56.3787,-36.9796,2.38121,-0.00308532,-0.0311386,-0.689686,0.723432
000147,56.4212,-37.7367,2.42572,-0.00427838,-0.0322289,-0.688726,0.724293
000148,56.4658,-38.5088,2.47123,-0.00509535,-0.0328009,-0.687413,0.725508
000149,56.5211,-39.2829,2.5158,-0.00780106,-0.0316469,-0.686346,0.726545
000150,56.5761,-40.0543,2.55311,-0.00927473,-0.0301713,-0.685462,0.727423
000151,56.6288,-40.8368,2.60842,-0.00860285,-0.0308315,-0.684129,0.728658
000152,56.6827,-41.6199,2.66326,-0.00897784,-0.0310992,-0.682747,0.729938
000153,56.7507,-42.4031,2.70814,-0.0108786,-0.0301011,-0.681521,0.731098
000154,56.8178,-43.1994,2.75227,-0.0107072,-0.0294763,-0.679884,0.732649
000155,56.8838,-44.0003,2.81527,-0.0101082,-0.0293867,-0.678224,0.734198
000156,56.9605,-44.7827,2.85669,-0.0127424,-0.029916,-0.676483,0.73574
000157,57.0405,-45.5853,2.91642,-0.0163794,-0.0319252,-0.674164,0.737709
000158,57.1243,-46.3814,2.9734,-0.0184717,-0.0334199,-0.671479,0.740039
000159,57.2191,-47.177,3.03264,-0.0210084,-0.0329064,-0.668914,0.742314
000160,57.3191,-47.9929,3.09902,-0.0215535,-0.0315755,-0.665918,0.745045
000161,57.422,-48.8051,3.1666,-0.020982,-0.0310594,-0.663159,0.74754
000162,57.5267,-49.6144,3.23232,-0.0199841,-0.0299408,-0.660619,0.749858
000163,57.6444,-50.4351,3.29767,-0.0186918,-0.0271721,-0.657583,0.75266
000164,57.7671,-51.2491,3.35382,-0.0172712,-0.0239871,-0.654767,0.755252
000165,57.891,-52.0547,3.41462,-0.0161021,-0.0228339,-0.652213,0.757521
000166,58.0217,-52.8573,3.47116,-0.0166818,-0.0237518,-0.649312,0.759968
000167,58.152,-53.6464,3.52507,-0.0187026,-0.0261299,-0.647014,0.761801
000168,58.2876,-54.4197,3.58037,-0.0203337,-0.0274219,-0.64522,0.763233
000169,58.432,-55.2046,3.643,-0.0215726,-0.0279083,-0.643076,0.764989
000170,58.5808,-55.9737,3.70205,-0.0222421,-0.0274091,-0.641044,0.766692
000171,58.7185,-56.733,3.76485,-0.0202284,-0.027364,-0.639413,0.76811
000172,58.8675,-57.4985,3.82181,-0.0179981,-0.0254417,-0.637496,0.769823
000173,59.0185,-58.2456,3.88197,-0.0161171,-0.0222368,-0.636149,0.771077
000174,59.1776,-58.9797,3.92958,-0.0161073,-0.0198204,-0.635116,0.771995
000175,59.331,-59.7101,3.98358,-0.0164905,-0.0192043,-0.633687,0.773175
000176,59.4841,-60.421,4.02739,-0.0176433,-0.0192,-0.633065,0.773659
000177,59.6405,-61.1299,4.07488,-0.0201818,-0.0195234,-0.632226,0.774275
000178,59.793,-61.8228,4.12304,-0.0220019,-0.0208746,-0.631528,0.77476
000179,59.9389,-62.5011,4.17051,-0.0240764,-0.0224198,-0.630876,0.775186
000180,60.0895,-63.1849,4.22419,-0.0243173,-0.023517,-0.63011,0.775769
000181,60.242,-63.8531,4.26908,-0.0249018,-0.0229023,-0.629576,0.776202
000182,60.3857,-64.5172,4.32835,-0.0238708,-0.0219127,-0.629562,0.776274
000183,60.531,-65.176,4.37592,-0.0232786,-0.0210316,-0.629241,0.776577
000184,60.673,-65.8231,4.42577,-0.0228525,-0.0208285,-0.629367,0.776492
000185,60.8112,-66.4592,4.47489,-0.022641,-0.0205796,-0.630023,0.775973
000186,60.951,-67.0858,4.52118,-0.023115,-0.0203676,-0.630547,0.775539
000187,61.0812,-67.6915,4.5631,-0.0241858,-0.0212689,-0.631612,0.774615
000188,61.2078,-68.2952,4.6115,-0.0249018,-0.0231696,-0.632386,0.773906
000189,61.3277,-68.8929,4.65672,-0.0243249,-0.0243001,-0.633226,0.773203
000190,61.4489,-69.4859,4.6969,-0.0240308,-0.0237784,-0.634263,0.772378
000191,61.57,-70.0712,4.74041,-0.0233139,-0.0225178,-0.635216,0.771654
000192,61.684,-70.646,4.78668,-0.0218234,-0.0213107,-0.636138,0.770972
000193,61.79,-71.2079,4.83517,-0.0203201,-0.0220026,-0.637021,0.770265
000194,61.8953,-71.7585,4.87661,-0.0198189,-0.0239014,-0.637659,0.769693
000195,61.9958,-72.3043,4.91851,-0.019062,-0.0260593,-0.638643,0.768826
000196,62.099,-72.848,4.95635,-0.020035,-0.0266596,-0.639445,0.768113
000197,62.2058,-73.3917,4.99959,-0.0210797,-0.0270188,-0.639935,0.767665
000198,62.3063,-73.9426,5.0417,-0.0204547,-0.0271941,-0.640369,0.767314
000199,62.3993,-74.4918,5.08393,-0.0177984,-0.0287909,-0.640387,0.767306
000200,62.4963,-75.0469,5.12365,-0.0156438,-0.0303096,-0.63947,0.768059
000201,62.5956,-75.6051,5.16579,-0.0145515,-0.0311244,-0.638717,0.768675
000202,62.7089,-76.1576,5.20912,-0.015164,-0.0305243,-0.637624,0.769594
000203,62.8293,-76.7198,5.24916,-0.015784,-0.0303561,-0.63536,0.771457
000204,62.9467,-77.2858,5.29239,-0.0150583,-0.0307196,-0.632805,0.773555
000205,63.0721,-77.8548,5.3318,-0.0154254,-0.0302148,-0.629992,0.77586
000206,63.2106,-78.4348,5.37001,-0.0151408,-0.0299884,-0.626703,0.778534
000207,63.3568,-79.0194,5.41675,-0.0156287,-0.0289095,-0.623017,0.781518
000208,63.5024,-79.6003,5.45777,-0.0162031,-0.0285436,-0.61944,0.784358
000209,63.6686,-80.196,5.49839,-0.0187168,-0.028267,-0.615261,0.787594
000210,63.8364,-80.7931,5.53962,-0.0206849,-0.0281381,-0.611612,0.790386
000211,64.0194,-81.4026,5.58134,-0.0224392,-0.0279918,-0.606984,0.793904
000212,64.2054,-82.0189,5.6323,-0.0233078,-0.0281967,-0.602771,0.797075
000213,64.3999,-82.6445,5.68011,-0.0246614,-0.0276635,-0.598628,0.800169
000214,64.6031,-83.274,5.72883,-0.0248695,-0.0277397,-0.594716,0.803072
000215,64.8178,-83.9124,5.77578,-0.0260143,-0.0269179,-0.590679,0.806038
000216,65.0563,-84.6025,5.82703,-0.0248488,-0.0253862,-0.585114,0.810172
000217,65.2763,-85.2536,5.87876,-0.0214248,-0.0240909,-0.581538,0.81288
000218,65.5233,-85.9399,5.93227,-0.0195792,-0.0230727,-0.576643,0.816436
000219,65.7793,-86.6275,5.97547,-0.0184231,-0.0223568,-0.572282,0.819545
000220,66.0386,-87.3178,6.02449,-0.0165514,-0.0230215,-0.568597,0.822127
000221,66.3078,-88.0255,6.0624,-0.013279,-0.0240886,-0.565022,0.824617
000222,66.5899,-88.7597,6.10779,-0.00768049,-0.0242283,-0.561263,0.827247
000223,66.8696,-89.4706,6.15471,-0.0043605,-0.0247511,-0.558844,0.828892
000224,67.169,-90.1984,6.19598,-0.00346988,-0.0264812,-0.55529,0.831228
000225,67.4699,-90.9149,6.24128,-0.00453716,-0.0300149,-0.552293,0.833097
000226,67.7817,-91.6384,6.28534,-0.00492984,-0.0337961,-0.548833,0.835234
000227,68.1009,-92.3575,6.33752,-0.00593939,-0.0342582,-0.546361,0.836828
000228,68.4293,-93.0612,6.3913,-0.00884909,-0.0320862,-0.544567,0.838057
000229,68.7615,-93.76,6.44458,-0.0115371,-0.0312176,-0.542507,0.839392
000230,69.0847,-94.4493,6.50865,-0.0126742,-0.0319565,-0.540739,0.840487
000231,69.4016,-95.1227,6.56319,-0.0145506,-0.0328202,-0.539106,0.841472
000232,69.7243,-95.7954,6.625,-0.0164118,-0.0326308,-0.53731,0.842594
000233,70.0444,-96.4607,6.68079,-0.0163717,-0.0319275,-0.535536,0.84375
000234,70.3594,-97.1167,6.74577,-0.0149171,-0.0308031,-0.534053,0.844758
000235,70.678,-97.7647,6.80081,-0.0143344,-0.0298325,-0.532285,0.845918
000236,70.9895,-98.3942,6.85973,-0.014249,-0.028999,-0.530914,0.846809
000237,71.3036,-99.0178,6.90999,-0.0153958,-0.0290116,-0.5292,0.847861
000238,71.6073,-99.632,6.96508,-0.0153624,-0.029589,-0.527897,0.848654
000239,71.9076,-100.239,7.01435,-0.0144019,-0.0299371,-0.526922,0.849264
000240,72.2009,-100.832,7.06794,-0.0134734,-0.0302782,-0.526351,0.849621
000241,72.5045,-101.422,7.11677,-0.0140026,-0.0299248,-0.525371,0.850232
000242,72.7946,-101.999,7.16822,-0.0134401,-0.0302579,-0.524452,0.850796
000243,73.0811,-102.562,7.214,-0.0139939,-0.0309485,-0.523482,0.85136
000244,73.3659,-103.121,7.26331,-0.0134328,-0.0320071,-0.522028,0.852222
000245,73.6439,-103.669,7.31453,-0.0123952,-0.0328615,-0.52061,0.853072
000246,73.9167,-104.208,7.36075,-0.0113969,-0.0335215,-0.519354,0.853825
000247,74.1979,-104.74,7.40908,-0.010922,-0.0338874,-0.51767,0.854839
000248,74.4738,-105.263,7.45664,-0.0107407,-0.0340191,-0.516136,0.855763
000249,74.7476,-105.775,7.50366,-0.0103993,-0.0341432,-0.514712,0.85662
000250,75.0245,-106.286,7.5507,-0.00995796,-0.0347561,-0.512943,0.857661
000251,75.2984,-106.79,7.59316,-0.0104513,-0.0351072,-0.511241,0.858656
000252,75.5743,-107.294,7.64324,-0.00974835,-0.0363951,-0.50908,0.859894
000253,75.8554,-107.787,7.68835,-0.0111111,-0.037217,-0.506799,0.861189
000254,76.142,-108.275,7.73723,-0.0137544,-0.0385882,-0.504068,0.862692
000255,76.4313,-108.759,7.78396,-0.0173011,-0.039821,-0.50126,0.864207
000256,76.7314,-109.243,7.83218,-0.0206021,-0.040702,-0.498027,0.865961
000257,77.03,-109.728,7.88405,-0.0228488,-0.041361,-0.494933,0.867645
000258,77.3432,-110.224,7.9388,-0.024004,-0.0398994,-0.491888,0.869412
000259,77.6649,-110.719,7.99194,-0.025487,-0.0364468,-0.489055,0.871118
000260,77.9941,-111.223,8.04829,-0.0265851,-0.032298,-0.486292,0.872794
000261,78.3354,-111.731,8.10379,-0.0278593,-0.0282586,-0.482996,0.874723
000262,78.6774,-112.246,8.15613,-0.0279855,-0.026202,-0.479832,0.876522
000263,79.0253,-112.759,8.20456,-0.0302991,-0.0254593,-0.476626,0.878215
000264,79.39,-113.283,8.25079,-0.0326861,-0.0257019,-0.4731,0.880027
000265,79.7622,-113.813,8.30144,-0.0343952,-0.0262092,-0.469789,0.881719
000266,80.1392,-114.349,8.34763,-0.0356715,-0.0263358,-0.466679,0.883314
000267,80.5418,-114.902,8.40089,-0.0366456,-0.0255684,-0.463019,0.885221
000268,80.9546,-115.459,8.45336,-0.0386381,-0.0238574,-0.45942,0.887058
000269,81.3707,-116.023,8.50907,-0.03839,-0.0228686,-0.455833,0.888943
000270,81.8078,-116.604,8.56558,-0.0379467,-0.0221005,-0.451505,0.891188
000271,82.2579,-117.186,8.62362,-0.0381983,-0.0217688,-0.44736,0.893273
000272,82.7213,-117.764,8.67554,-0.0396796,-0.0210683,-0.443196,0.895298
000273,83.2025,-118.356,8.73117,-0.0403481,-0.020896,-0.43856,0.897553
000274,83.6935,-118.953,8.7824,-0.040705,-0.0207296,-0.434675,0.899428
000275,84.1859,-119.553,8.84088,-0.0405427,-0.0203666,-0.431962,0.90075
000276,84.6975,-120.171,8.90007,-0.0399915,-0.0204788,-0.429519,0.90194
000277,85.2072,-120.789,8.95729,-0.0385583,-0.0210361,-0.427716,0.902845
000278,85.7321,-121.425,9.01653,-0.0360754,-0.0222212,-0.425595,0.903921
000279,86.2632,-122.067,9.07713,-0.0323916,-0.0232202,-0.423662,0.904943
000280,86.8011,-122.711,9.13655,-0.0290739,-0.0234628,-0.421835,0.905903
000281,87.3511,-123.362,9.20087,-0.0262591,-0.023483,-0.420123,0.906783
000282,87.915,-124.015,9.25525,-0.0254161,-0.0233656,-0.418124,0.907734
000283,88.4801,-124.663,9.31979,-0.0260161,-0.0236733,-0.416954,0.908247
000284,89.0773,-125.325,9.37584,-0.0285856,-0.0233035,-0.414382,0.909355
000285,89.6675,-125.969,9.43192,-0.0310752,-0.0219653,-0.412863,0.909998
000286,90.2651,-126.629,9.494,-0.0306072,-0.0199362,-0.411218,0.910805
000287,90.8747,-127.289,9.54834,-0.0305551,-0.0165686,-0.409223,0.911772
000288,91.4817,-127.947,9.60453,-0.0288165,-0.0136529,-0.407354,0.912713
000289,92.0996,-128.615,9.6507,-0.0268382,-0.0129094,-0.404414,0.914091
000290,92.7024,-129.276,9.70394,-0.0245576,-0.0142004,-0.402027,0.915188
000291,93.3169,-129.943,9.75198,-0.0209731,-0.0190135,-0.398723,0.916634
000292,93.9347,-130.602,9.80291,-0.0199615,-0.0236313,-0.395916,0.917766
000293,94.5681,-131.264,9.86082,-0.0191996,-0.0261321,-0.392175,0.919319
000294,95.2183,-131.924,9.91248,-0.0173925,-0.0258272,-0.388394,0.920967
000295,95.8711,-132.583,9.98361,-0.0147884,-0.0250457,-0.384651,0.922604
000296,96.5262,-133.228,10.0397,-0.0127189,-0.0265501,-0.381595,0.923861
000297,97.1917,-133.879,10.1048,-0.0127732,-0.02905,-0.378443,0.925081
000298,97.8634,-134.523,10.1615,-0.0134878,-0.0300949,-0.376344,0.925893
000299,98.5401,-135.172,10.2259,-0.0122378,-0.0298743,-0.374047,0.926848
000300,99.2147,-135.822,10.294,-0.00954003,-0.0288415,-0.372529,0.927523
000301,99.892,-136.472,10.359,-0.00762491,-0.0280896,-0.37208,0.927744
000302,100.573,-137.122,10.4196,-0.0055987,-0.027488,-0.371499,0.928009
000303,101.259,-137.768,10.48,-0.00526214,-0.0267832,-0.371494,0.928034
000304,101.942,-138.412,10.5359,-0.00563124,-0.0264429,-0.372133,0.927786
000305,102.627,-139.06,10.595,-0.00673081,-0.026557,-0.37238,0.927676
000306,103.314,-139.702,10.6488,-0.00874678,-0.0266807,-0.373765,0.927098
000307,104.002,-140.35,10.7109,-0.0109441,-0.026368,-0.374807,0.926663
000308,104.685,-140.997,10.7687,-0.0125467,-0.0257416,-0.37633,0.926043
000309,105.368,-141.65,10.83,-0.013829,-0.0249235,-0.378113,0.925321
000310,106.039,-142.3,10.891,-0.0137755,-0.0240158,-0.38031,0.924445
000311,106.714,-142.955,10.9468,-0.0136596,-0.0224896,-0.381745,0.923893
000312,107.376,-143.611,11.0047,-0.0117122,-0.0224676,-0.383626,0.923141
000313,108.033,-144.261,11.074,-0.0122043,-0.0242435,-0.385359,0.922367
000314,108.668,-144.903,11.1241,-0.0170838,-0.0273068,-0.388469,0.920899
000315,109.32,-145.551,11.1863,-0.0194278,-0.0295012,-0.390301,0.920009
000316,109.965,-146.211,11.2519,-0.0190887,-0.0280617,-0.39276,0.919014
000317,110.605,-146.87,11.3214,-0.0194278,-0.0243559,-0.395339,0.918007
000318,111.242,-147.531,11.3845,-0.0191778,-0.0222753,-0.397764,0.917017
000319,111.867,-148.19,11.4447,-0.0193185,-0.0219943,-0.399742,0.91616
000320,112.487,-148.852,11.5032,-0.0184119,-0.0223989,-0.401801,0.915268
000321,113.091,-149.519,11.5627,-0.0173836,-0.0237539,-0.404138,0.914224
000322,113.7,-150.188,11.6227,-0.0161303,-0.0257176,-0.40618,0.913289
000323,114.3,-150.858,11.6863,-0.0158701,-0.0271785,-0.408751,0.912103
000324,114.899,-151.529,11.7435,-0.0161096,-0.0275191,-0.411591,0.910811
000325,115.501,-152.205,11.8058,-0.016844,-0.0269955,-0.414067,0.90969
000326,116.097,-152.893,11.8735,-0.0166031,-0.0270424,-0.417253,0.908236
000327,116.686,-153.576,11.9313,-0.0179552,-0.0270018,-0.42113,0.906421
000328,117.28,-154.263,12.0015,-0.0207382,-0.0282465,-0.424625,0.904691
000329,117.86,-154.951,12.0636,-0.0230512,-0.0302005,-0.42845,0.902766
000330,118.439,-155.656,12.1318,-0.0241803,-0.0306871,-0.432914,0.900588
000331,119.023,-156.383,12.2083,-0.022451,-0.0273979,-0.436556,0.898979
000332,119.606,-157.109,12.265,-0.0223825,-0.0214795,-0.44057,0.897182
000333,120.18,-157.845,12.3345,-0.0205391,-0.0189068,-0.445125,0.895033
000334,120.753,-158.592,12.3844,-0.02191,-0.0168219,-0.449169,0.89302
000335,121.31,-159.341,12.4372,-0.0226637,-0.0176302,-0.453829,0.890626
000336,121.854,-160.101,12.4944,-0.0205326,-0.0211984,-0.458024,0.88845
000337,122.397,-160.859,12.553,-0.0230269,-0.0253555,-0.461832,0.886306
000338,122.931,-161.626,12.6165,-0.0224246,-0.0283387,-0.466076,0.884006
000339,123.466,-162.409,12.6839,-0.0202714,-0.027499,-0.470206,0.881895
000340,123.989,-163.196,12.7606,-0.0169118,-0.0264554,-0.473956,0.879988
000341,124.505,-163.972,12.8253,-0.0167179,-0.0259608,-0.477863,0.877891
000342,125.009,-164.742,12.8883,-0.0171769,-0.0259804,-0.48153,0.875876
000343,125.494,-165.519,12.9472,-0.0157839,-0.0270966,-0.485074,0.873911
000344,125.973,-166.297,13.0214,-0.0122551,-0.0264567,-0.487813,0.872461
000345,126.446,-167.066,13.0841,-0.0112472,-0.025249,-0.490636,0.870926
000346,126.914,-167.828,13.1389,-0.0113725,-0.024043,-0.492749,0.869765
000347,127.367,-168.584,13.199,-0.0120167,-0.0245068,-0.495331,0.868276
000348,127.809,-169.336,13.2586,-0.0124684,-0.0262889,-0.497638,0.866897
000349,128.246,-170.075,13.3171,-0.0142963,-0.0288125,-0.499183,0.865899
000350,128.678,-170.819,13.3738,-0.0160625,-0.0291121,-0.501015,0.8648
000351,129.101,-171.56,13.436,-0.0143233,-0.0269267,-0.502695,0.863926
000352,129.519,-172.305,13.4961,-0.0111329,-0.024403,-0.503752,0.863432
000353,129.918,-173.037,13.5595,-0.00778358,-0.0240358,-0.505376,0.86253
000354,130.32,-173.762,13.6087,-0.00615088,-0.025815,-0.50651,0.861825
000355,130.715,-174.475,13.6614,-0.00602931,-0.0277121,-0.507703,0.861065
000356,131.111,-175.175,13.7172,-0.00869571,-0.0300042,-0.508322,0.8606
000357,131.489,-175.862,13.7655,-0.011944,-0.0335408,-0.510624,0.859067
000358,131.864,-176.558,13.8302,-0.0114742,-0.035564,-0.511394,0.858534
000359,132.237,-177.249,13.8903,-0.00991581,-0.0324065,-0.512576,0.857973
000360,132.618,-177.939,13.9471,-0.00938773,-0.0251517,-0.514225,0.857235
000361,132.995,-178.617,14.0016,-0.0100204,-0.0196532,-0.515692,0.85649
000362,133.352,-179.283,14.0487,-0.0110169,-0.0195078,-0.517192,0.855576
000363,133.701,-179.941,14.0942,-0.0111959,-0.0219926,-0.518331,0.854824
000364,134.041,-180.595,14.1351,-0.011454,-0.0233117,-0.519644,0.853988
000365,134.377,-181.248,14.1778,-0.011097,-0.0229671,-0.521167,0.853073
000366,134.713,-181.894,14.2245,-0.0110267,-0.0221205,-0.522112,0.852519
000367,135.038,-182.528,14.2679,-0.0108559,-0.0219397,-0.523261,0.851821
000368,135.353,-183.158,14.3122,-0.0106215,-0.0226722,-0.525042,0.850708
000369,135.667,-183.781,14.3557,-0.0108353,-0.0237025,-0.526618,0.849702
000370,135.97,-184.394,14.3991,-0.0111959,-0.0245027,-0.528754,0.848348
000371,136.267,-185.004,14.4417,-0.0116776,-0.0252449,-0.531276,0.846742
000372,136.558,-185.609,14.4851,-0.01243,-0.0261609,-0.53349,0.84531
000373,136.841,-186.212,14.5289,-0.0130458,-0.0278818,-0.536163,0.843553
000374,137.119,-186.822,14.5771,-0.0133213,-0.029722,-0.539438,0.841395
000375,137.397,-187.432,14.6236,-0.014333,-0.0298661,-0.542298,0.839533
000376,137.682,-188.053,14.6698,-0.0161338,-0.0284994,-0.545416,0.837525
000377,137.957,-188.678,14.7136,-0.0175723,-0.0273298,-0.548766,0.835344
000378,138.232,-189.309,14.7663,-0.017796,-0.0272956,-0.551597,0.833474
000379,138.497,-189.949,14.8166,-0.0188834,-0.0277944,-0.55497,0.831191
000380,138.764,-190.595,14.8641,-0.0215036,-0.0285415,-0.558651,0.828633
000381,139.033,-191.249,14.9139,-0.0236437,-0.0289091,-0.561928,0.826342
000382,139.292,-191.912,14.9668,-0.0247367,-0.0292047,-0.565564,0.823816
000383,139.552,-192.586,15.0255,-0.0255156,-0.0298362,-0.568738,0.821581
000384,139.81,-193.276,15.0823,-0.0263683,-0.0300935,-0.572075,0.819225
000385,140.056,-193.974,15.1434,-0.0257996,-0.0313713,-0.575604,0.816719
000386,140.308,-194.681,15.2008,-0.0252883,-0.0316886,-0.578586,0.814613
000387,140.555,-195.402,15.2662,-0.0241045,-0.0308327,-0.581998,0.812248
000388,140.799,-196.137,15.3242,-0.0237096,-0.0290836,-0.58557,0.809753
000389,141.047,-196.886,15.3845,-0.0221005,-0.0277796,-0.588185,0.807947
000390,141.288,-197.647,15.4493,-0.0201743,-0.0271551,-0.590856,0.806068
000391,141.527,-198.418,15.5018,-0.0185422,-0.0247307,-0.593412,0.804305
000392,141.765,-199.207,15.5499,-0.0165979,-0.0227233,-0.595808,0.802634
000393,141.999,-200.008,15.609,-0.0149637,-0.0242896,-0.597841,0.801107
000394,142.223,-200.802,15.663,-0.0161148,-0.0287513,-0.600302,0.799094
000395,142.451,-201.608,15.7148,-0.0190086,-0.0349489,-0.602011,0.797496
000396,142.672,-202.428,15.7763,-0.0197204,-0.0399862,-0.603831,0.795864
000397,142.889,-203.26,15.8467,-0.0161664,-0.0413273,-0.606078,0.794166
000398,143.111,-204.125,15.9234,-0.0117102,-0.0404793,-0.607767,0.792996
000399,143.331,-204.983,15.9989,-0.00863545,-0.0395399,-0.610178,0.79123
000400,143.559,-205.848,16.0771,-0.0109811,-0.0401541,-0.611825,0.789897
000401,143.785,-206.704,16.1406,-0.016364,-0.0418393,-0.613741,0.788228
000402,144.01,-207.578,16.2156,-0.0188108,-0.0412132,-0.616167,0.786311
000403,144.234,-208.478,16.2958,-0.0181316,-0.0384491,-0.618,0.785028
000404,144.452,-209.379,16.378,-0.0176377,-0.0360685,-0.6202,0.783416
000405,144.665,-210.282,16.4567,-0.0182232,-0.0358401,-0.62252,0.78157
000406,144.875,-211.18,16.5284,-0.0204204,-0.0363848,-0.624925,0.779569
000407,145.075,-212.102,16.6081,-0.0196376,-0.0376212,-0.626725,0.778084
000408,145.268,-213.029,16.6921,-0.0182446,-0.0386276,-0.628582,0.776569
000409,145.46,-213.962,16.7752,-0.0172541,-0.0387855,-0.630447,0.775071
000410,145.652,-214.898,16.858,-0.0166987,-0.0392365,-0.631849,0.773917
000411,145.843,-215.85,16.9432,-0.0161659,-0.0389193,-0.633552,0.772552
000412,146.04,-216.799,17.0247,-0.0167505,-0.0374955,-0.63422,0.772061
000413,146.23,-217.757,17.1077,-0.0160746,-0.0367468,-0.635634,0.770948
000414,146.422,-218.715,17.1899,-0.0167067,-0.0354748,-0.636712,0.770104
000415,146.615,-219.664,17.2721,-0.0190403,-0.0355862,-0.637065,0.769753
000416,146.8,-220.635,17.3531,-0.0191727,-0.0356779,-0.638727,0.768367
000417,146.978,-221.577,17.4345,-0.0190933,-0.0360475,-0.639298,0.767876
000418,147.156,-222.527,17.5241,-0.0187457,-0.035331,-0.639847,0.767461
000419,147.33,-223.474,17.5926,-0.0174368,-0.0342998,-0.640405,0.767073
000420,147.498,-224.428,17.6874,-0.0151262,-0.0338967,-0.641214,0.766463
000421,147.673,-225.372,17.7586,-0.0162975,-0.0343395,-0.641642,0.766062
000422,147.846,-226.321,17.8355,-0.0188718,-0.0359986,-0.642477,0.765226
000423,148.012,-227.266,17.9174,-0.0197459,-0.0377662,-0.643225,0.76449
000424,148.182,-228.217,18.0027,-0.0207135,-0.037136,-0.644207,0.763669
000425,148.338,-229.145,18.0853,-0.0193565,-0.0354209,-0.645689,0.762533
000426,148.5,-230.097,18.167,-0.0177884,-0.0329317,-0.646808,0.761734
000427,148.651,-231.045,18.2509,-0.0157478,-0.0317797,-0.648248,0.760603
000428,148.809,-231.99,18.3244,-0.0164789,-0.0312103,-0.649666,0.7594
000429,148.945,-232.917,18.3912,-0.0168449,-0.0316162,-0.65186,0.757492
000430,149.092,-233.861,18.4652,-0.0169088,-0.0318507,-0.653238,0.756293
000431,149.23,-234.801,18.5365,-0.016863,-0.0316135,-0.65493,0.754839
000432,149.358,-235.734,18.6114,-0.0163457,-0.0312738,-0.656748,0.753284
000433,149.488,-236.678,18.6824,-0.0165087,-0.0309246,-0.65817,0.752053
000434,149.613,-237.614,18.7552,-0.0172327,-0.0304373,-0.659808,0.75062
000435,149.732,-238.537,18.8225,-0.0183442,-0.0297174,-0.661591,0.749051
000436,149.858,-239.483,18.8953,-0.0189593,-0.0287272,-0.663043,0.747789
000437,149.979,-240.418,18.9653,-0.0206014,-0.0273826,-0.664459,0.746538
000438,150.097,-241.33,19.0359,-0.02357,-0.0271085,-0.665767,0.745295
000439,150.216,-242.275,19.1113,-0.0264223,-0.0279599,-0.66696,0.7441
000440,150.329,-243.207,19.1861,-0.0279554,-0.027924,-0.668323,0.742821
000441,150.427,-244.118,19.2593,-0.0274561,-0.0267083,-0.669666,0.741674
000442,150.529,-245.067,19.3432,-0.0262049,-0.0254185,-0.671014,0.740545
000443,150.619,-245.993,19.4145,-0.0252744,-0.0245461,-0.672221,0.739512
000444,150.701,-246.897,19.4895,-0.0243687,-0.0243731,-0.673519,0.738366
000445,150.786,-247.827,19.5603,-0.0243674,-0.0245867,-0.674729,0.737253
000446,150.864,-248.731,19.6272,-0.0252038,-0.024856,-0.676411,0.735673
000447,150.944,-249.657,19.6988,-0.0263849,-0.0257338,-0.67805,0.734091
000448,151.004,-250.574,19.7686,-0.0222855,-0.0274481,-0.679997,0.732362
000449,151.066,-251.475,19.8399,-0.0194763,-0.0261515,-0.681709,0.730897
000450,151.128,-252.398,19.9074,-0.0200051,-0.0265989,-0.683267,0.72941
000451,151.184,-253.287,19.9846,-0.0234796,-0.0312471,-0.684861,0.727624
000452,151.236,-254.168,20.0543,-0.0278742,-0.0358424,-0.686868,0.725363
000453,151.291,-255.075,20.1411,-0.030049,-0.0365927,-0.688785,0.723418
000454,151.337,-255.979,20.2208,-0.0297093,-0.0334958,-0.690679,0.721774
000455,151.381,-256.863,20.3059,-0.0278523,-0.0301574,-0.692543,0.720207
000456,151.424,-257.772,20.3841,-0.0269012,-0.027896,-0.694467,0.71848
000457,151.459,-258.665,20.4607,-0.0281322,-0.0260929,-0.696683,0.716353
000458,151.492,-259.544,20.5318,-0.0288891,-0.0237129,-0.699237,0.713912
000459,151.524,-260.445,20.5999,-0.0289459,-0.0207815,-0.701804,0.711478
000460,151.538,-261.331,20.6678,-0.0281548,-0.0191796,-0.704296,0.709089
000461,151.541,-262.199,20.7391,-0.0274467,-0.0209082,-0.706785,0.706586
000462,151.538,-263.086,20.802,-0.0284425,-0.0227763,-0.708974,0.704292
000463,151.529,-263.965,20.8688,-0.0286183,-0.0241572,-0.711274,0.701916
000464,151.514,-264.835,20.9372,-0.0279989,-0.0236684,-0.713521,0.699674
000465,151.499,-265.725,21.003,-0.0275452,-0.0225436,-0.715422,0.697785
000466,151.471,-266.595,21.0753,-0.026184,-0.0232075,-0.717471,0.695709
000467,151.441,-267.454,21.1447,-0.0262285,-0.024394,-0.719463,0.693607
000468,151.406,-268.331,21.2051,-0.0279922,-0.0253779,-0.720881,0.692028
000469,151.365,-269.199,21.273,-0.0278366,-0.0265876,-0.722077,0.690741
000470,151.316,-270.057,21.3452,-0.0257292,-0.0278636,-0.723194,0.689603
000471,151.27,-270.934,21.4153,-0.0241862,-0.0279017,-0.723722,0.689103
000472,151.223,-271.801,21.4869,-0.0230739,-0.0279349,-0.724422,0.688404
000473,151.177,-272.657,21.5552,-0.0220022,-0.0282426,-0.725271,0.687532
000474,151.13,-273.532,21.6243,-0.0219592,-0.029483,-0.725438,0.687305
000475,151.083,-274.395,21.6923,-0.0219272,-0.0305732,-0.725628,0.687058
000476,151.033,-275.238,21.7631,-0.0214002,-0.0322308,-0.725861,0.686753
000477,150.983,-276.096,21.834,-0.0210624,-0.0333868,-0.725349,0.687248
000478,150.938,-276.923,21.9053,-0.0205649,-0.0339704,-0.725119,0.687477
000479,150.896,-277.767,21.9795,-0.0200141,-0.0345687,-0.724356,0.688268
000480,150.854,-278.591,22.0507,-0.0193388,-0.0345599,-0.723645,0.689035
000481,150.814,-279.409,22.1221,-0.0183808,-0.034109,-0.722809,0.689961
000482,150.779,-280.205,22.1901,-0.0172082,-0.0331802,-0.721942,0.690943
000483,150.746,-281.018,22.2575,-0.0164885,-0.0321489,-0.720553,0.692457
000484,150.719,-281.805,22.3238,-0.0160902,-0.031061,-0.719302,0.693817
000485,150.701,-282.566,22.3811,-0.0178192,-0.0294738,-0.718151,0.695034
000486,150.684,-283.339,22.4426,-0.0191026,-0.02914,-0.71655,0.696665
000487,150.668,-284.091,22.4976,-0.0194747,-0.0290491,-0.71518,0.698065
000488,150.652,-284.824,22.5584,-0.0184522,-0.0281685,-0.714164,0.699167
000489,150.643,-285.564,22.6155,-0.0180637,-0.0267926,-0.712738,0.700686
000490,150.639,-286.27,22.6704,-0.0180779,-0.025377,-0.711611,0.701883
000491,150.634,-286.981,22.7268,-0.0181401,-0.0258398,-0.710148,0.703344
000492,150.628,-287.68,22.7764,-0.0188442,-0.0263475,-0.708608,0.704859
000493,150.631,-288.331,22.8265,-0.0194846,-0.026613,-0.707821,0.705621
000494,150.636,-288.991,22.8806,-0.0207643,-0.0272188,-0.706824,0.706561
000495,150.646,-289.647,22.9297,-0.0218488,-0.0264969,-0.705562,0.707815
000496,150.657,-290.281,22.9773,-0.0228376,-0.0261751,-0.704347,0.709005
000497,150.671,-290.891,23.0249,-0.0233704,-0.0257687,-0.703306,0.710035
000498,150.681,-291.508,23.0761,-0.023356,-0.0254245,-0.701975,0.711365
000499,150.695,-292.096,23.1236,-0.0237956,-0.0255615,-0.700968,0.712337
000500,150.712,-292.689,23.1663,-0.026179,-0.0252528,-0.69992,0.713295
000501,150.729,-293.27,23.2151,-0.0264204,-0.0251441,-0.698912,0.714277
000502,150.748,-293.837,23.2646,-0.0267284,-0.0244889,-0.6978,0.715375
000503,150.766,-294.385,23.3083,-0.0269913,-0.024045,-0.696783,0.71637
000504,150.786,-294.938,23.3566,-0.027129,-0.0241129,-0.695706,0.717409
000505,150.809,-295.474,23.4001,-0.0279991,-0.0242087,-0.694594,0.718449
000506,150.829,-295.989,23.4438,-0.0284531,-0.0241691,-0.693857,0.719144
000507,150.85,-296.523,23.4912,-0.0286811,-0.0251026,-0.692713,0.720206
000508,150.875,-297.024,23.5338,-0.0295122,-0.0252919,-0.692108,0.720747
000509,150.898,-297.517,23.5728,-0.0302995,-0.0253802,-0.691573,0.721224
000510,150.922,-298.013,23.6163,-0.0310393,-0.0257769,-0.690928,0.721797
000511,150.948,-298.507,23.659,-0.0316759,-0.0260673,-0.690546,0.722125
000512,150.968,-298.984,23.7008,-0.0317375,-0.0263388,-0.690747,0.72192
000513,150.997,-299.514,23.7525,-0.0319499,-0.0266882,-0.690437,0.722194
000514,151.024,-300.017,23.7912,-0.0324933,-0.0259008,-0.690821,0.721831
000515,151.043,-300.506,23.8307,-0.0321666,-0.0253969,-0.691779,0.720945
000516,151.066,-301.042,23.882,-0.0320332,-0.0259651,-0.69212,0.720604
000517,151.078,-301.551,23.9263,-0.0324073,-0.0277438,-0.693125,0.719554
000518,151.085,-302.079,23.981,-0.0319385,-0.0311656,-0.693686,0.718894
000519,151.096,-302.609,24.028,-0.0329236,-0.0336068,-0.694536,0.717918
000520,151.11,-303.148,24.0712,-0.0342988,-0.0342853,-0.695639,0.716753
000521,151.128,-303.707,24.1134,-0.0346936,-0.0343903,-0.696337,0.716051
000522,151.132,-304.277,24.1698,-0.0323578,-0.035066,-0.697043,0.71544
000523,151.126,-304.857,24.2342,-0.0275849,-0.0366285,-0.69786,0.714765
000524,151.134,-305.449,24.2935,-0.0265499,-0.0370135,-0.698542,0.714118
000525,151.153,-306.045,24.3456,-0.0291176,-0.0365064,-0.699572,0.713035
000526,151.165,-306.65,24.3938,-0.030831,-0.0358975,-0.700525,0.712057
000527,151.166,-307.278,24.4533,-0.0288956,-0.0371396,-0.700909,0.711696
000528,151.164,-307.913,24.5119,-0.0267037,-0.0381674,-0.701502,0.711144
000529,151.161,-308.552,24.575,-0.0263029,-0.0384572,-0.702331,0.710324
000530,151.176,-309.209,24.6381,-0.027952,-0.0375273,-0.70302,0.709629
000531,151.188,-309.873,24.6977,-0.029257,-0.0374249,-0.703776,0.708832
000532,151.186,-310.542,24.7568,-0.0307907,-0.0379674,-0.704524,0.707995
000533,151.194,-311.232,24.8263,-0.031185,-0.0387895,-0.705072,0.707387
000534,151.198,-311.926,24.8929,-0.0316699,-0.037598,-0.705753,0.706751
000535,151.205,-312.633,24.9644,-0.0327817,-0.0357986,-0.706566,0.705981
000536,151.208,-313.352,25.0313,-0.0334911,-0.0360158,-0.707273,0.705228
000537,151.202,-314.071,25.1104,-0.0340939,-0.0386487,-0.707881,0.704449
000538,151.192,-314.787,25.1834,-0.0357791,-0.0411575,-0.708639,0.703461
000539,151.194,-315.526,25.2529,-0.0371881,-0.0423793,-0.709017,0.702934
000540,151.182,-316.279,25.3348,-0.0352222,-0.0429515,-0.709357,0.702657
000541,151.161,-317.032,25.4209,-0.0312766,-0.0430346,-0.70994,0.70225
000542,151.146,-317.809,25.5081,-0.0292148,-0.0432154,-0.710324,0.70194
000543,151.137,-318.582,25.5884,-0.0288473,-0.0440528,-0.710816,0.701404
000544,151.125,-319.353,25.665,-0.0292539,-0.0447001,-0.711415,0.700739
000545,151.117,-320.15,25.7477,-0.0292835,-0.0454457,-0.711526,0.700576
000546,151.104,-320.95,25.8325,-0.0289057,-0.0453329,-0.711577,0.700548
000547,151.089,-321.747,25.916,-0.0280831,-0.0450176,-0.711533,0.700647
000548,151.081,-322.569,26.004,-0.0275816,-0.044734,-0.711122,0.701101
000549,151.07,-323.39,26.0912,-0.0272628,-0.0445477,-0.710901,0.70135
000550,151.064,-324.223,26.1723,-0.0268382,-0.0438987,-0.710488,0.701825
000551,151.059,-325.07,26.26,-0.0260818,-0.0436285,-0.709886,0.70248
000552,151.048,-325.919,26.3452,-0.0253549,-0.0436836,-0.709305,0.70309
000553,151.041,-326.775,26.4314,-0.0250433,-0.0437472,-0.708631,0.703777
000554,151.025,-327.611,26.5124,-0.024841,-0.0441159,-0.70851,0.703883
000555,151.04,-328.536,26.6038,-0.0241055,-0.0447305,-0.706664,0.705722
000556,151.032,-329.394,26.6871,-0.0231223,-0.0448741,-0.706177,0.706234
000557,151.031,-330.282,26.7767,-0.0223761,-0.0451458,-0.705139,0.707276
000558,151.037,-331.178,26.8638,-0.0224122,-0.0456474,-0.703974,0.708403
000559,151.042,-332.071,26.9526,-0.0222761,-0.0462346,-0.703161,0.709177
000560,151.057,-332.984,27.0453,-0.0228841,-0.0462059,-0.701936,0.710371
000561,151.08,-333.89,27.1306,-0.0241934,-0.0459451,-0.700914,0.711353
000562,151.099,-334.798,27.2256,-0.0248997,-0.0456636,-0.700248,0.712003
000563,151.127,-335.719,27.3186,-0.025939,-0.0451086,-0.699294,0.712938
000564,151.153,-336.639,27.414,-0.0256926,-0.0445077,-0.698732,0.713535
000565,151.177,-337.563,27.5124,-0.0245785,-0.0437975,-0.698494,0.713852
000566,151.204,-338.502,27.6054,-0.0236324,-0.0433984,-0.697805,0.714581
000567,151.232,-339.431,27.6991,-0.0231586,-0.0437046,-0.697517,0.714859
000568,151.254,-340.352,27.7967,-0.0230657,-0.0445304,-0.697495,0.714833
000569,151.284,-341.29,27.8856,-0.023367,-0.0442994,-0.697167,0.715157
000570,151.316,-342.225,27.9796,-0.0234839,-0.0429028,-0.697156,0.715249
000571,151.347,-343.152,28.0736,-0.0235851,-0.0416966,-0.697351,0.715127
000572,151.379,-344.078,28.1663,-0.0245258,-0.0410916,-0.697094,0.715381
000573,151.41,-344.997,28.258,-0.0250017,-0.0414204,-0.697156,0.715286
000574,151.438,-345.914,28.3496,-0.0252136,-0.0413146,-0.697403,0.715043
000575,151.47,-346.835,28.4412,-0.0258083,-0.0412401,-0.697188,0.715235
000576,151.499,-347.751,28.5375,-0.0258946,-0.0413782,-0.697258,0.715156
000577,151.526,-348.66,28.6279,-0.025906,-0.041243,-0.697418,0.715008
000578,151.553,-349.571,28.7197,-0.0252262,-0.0411698,-0.697134,0.715313
000579,151.583,-350.475,28.8143,-0.025587,-0.0411035,-0.697029,0.715406
000580,151.611,-351.379,28.9033,-0.026355,-0.0421711,-0.697301,0.715051
000581,151.639,-352.276,28.997,-0.0258073,-0.0433771,-0.696807,0.715481
000582,151.665,-353.183,29.0845,-0.0239092,-0.043578,-0.69641,0.715921
000583,151.692,-354.095,29.1792,-0.02214,-0.0433228,-0.695321,0.71705
000584,151.714,-355,29.2718,-0.0213723,-0.0453385,-0.695326,0.716944
000585,151.742,-355.897,29.3621,-0.0214341,-0.0494017,-0.694238,0.717728
000586,151.773,-356.796,29.4522,-0.0215075,-0.0516731,-0.693198,0.71857
000587,151.806,-357.702,29.5523,-0.0204068,-0.0525865,-0.691663,0.720014
000588,151.845,-358.599,29.6503,-0.0200495,-0.0533894,-0.690547,0.721036
000589,151.889,-359.502,29.7514,-0.0205368,-0.0541149,-0.689622,0.721853
000590,151.936,-360.403,29.8498,-0.020541,-0.0542011,-0.688279,0.723127
000591,151.988,-361.308,29.9504,-0.0195697,-0.0526473,-0.686975,0.724507
000592,152.043,-362.214,30.0512,-0.0186793,-0.0510712,-0.685683,0.725867
000593,152.105,-363.123,30.1474,-0.0188388,-0.0497252,-0.683963,0.727577
000594,152.172,-364.025,30.2421,-0.0191886,-0.0490146,-0.682116,0.729347
000595,152.24,-364.927,30.3345,-0.0195495,-0.0483438,-0.680332,0.731046
000596,152.318,-365.83,30.4285,-0.0199108,-0.0481125,-0.677884,0.733322
000597,152.402,-366.732,30.5224,-0.0207557,-0.0480233,-0.675228,0.735751
000598,152.494,-367.634,30.6169,-0.0217695,-0.0478949,-0.672339,0.738372
000599,152.59,-368.541,30.7119,-0.022793,-0.0476554,-0.668956,0.741422
000600,152.699,-369.441,30.8095,-0.0234013,-0.0475113,-0.665279,0.744714
000601,152.813,-370.342,30.907,-0.0238789,-0.0472251,-0.662024,0.747612
000602,152.94,-371.244,31.0059,-0.0243129,-0.0468975,-0.658183,0.751002
000603,153.084,-372.15,31.1035,-0.0247972,-0.0464406,-0.654244,0.754449
000604,153.207,-373.026,31.2001,-0.0250742,-0.0459583,-0.652147,0.756283
000605,153.365,-373.94,31.3,-0.0254036,-0.0455795,-0.648831,0.759141
000606,153.52,-374.842,31.3999,-0.0257866,-0.0453221,-0.646584,0.761058
000607,153.679,-375.739,31.499,-0.0262498,-0.0452993,-0.644984,0.762401
000608,153.841,-376.644,31.5982,-0.0263329,-0.0451275,-0.642973,0.764104
000609,154.009,-377.543,31.6972,-0.0265124,-0.044941,-0.641196,0.765601
000610,154.172,-378.44,31.7955,-0.0265206,-0.0451067,-0.639866,0.766703
000611,154.349,-379.34,31.8976,-0.0265802,-0.0451889,-0.637826,0.768394
000612,154.525,-380.241,31.9948,-0.0265719,-0.0451624,-0.636234,0.769715
000613,154.702,-381.141,32.0963,-0.0262669,-0.0447047,-0.634933,0.770825
000614,154.894,-382.04,32.1942,-0.0260719,-0.043903,-0.632894,0.772553
000615,155.078,-382.937,32.2942,-0.025283,-0.0433606,-0.631159,0.774028
000616,155.266,-383.832,32.3917,-0.0247383,-0.0425236,-0.629743,0.775244
000617,155.467,-384.719,32.4861,-0.0244225,-0.0415995,-0.627677,0.776978
000618,155.661,-385.6,32.5817,-0.0245235,-0.0417087,-0.625902,0.778399
000619,155.858,-386.47,32.6776,-0.0260068,-0.042303,-0.6244,0.779525
000620,156.069,-387.335,32.7699,-0.0277754,-0.0428123,-0.622293,0.781119
000621,156.28,-388.202,32.8688,-0.0283091,-0.0422981,-0.620779,0.782331
000622,156.485,-389.072,32.9625,-0.0276867,-0.040378,-0.619787,0.783242
000623,156.706,-389.929,33.0591,-0.0275641,-0.0380157,-0.618577,0.78432
000624,156.922,-390.778,33.1516,-0.0291703,-0.0368449,-0.618003,0.78477
000625,157.138,-391.617,33.2423,-0.0318255,-0.0374808,-0.617788,0.784806
000626,157.348,-392.45,33.33,-0.0338233,-0.0385202,-0.617583,0.784833
000627,157.568,-393.29,33.4245,-0.034326,-0.0380644,-0.617344,0.785022
000628,157.779,-394.127,33.5177,-0.0337721,-0.0357062,-0.617338,0.785162
000629,157.993,-394.956,33.6073,-0.0331593,-0.0330682,-0.617309,0.785326
000630,158.204,-395.778,33.6946,-0.0326439,-0.0317923,-0.617119,0.78555
000631,158.403,-396.596,33.7792,-0.0324194,-0.0315427,-0.617614,0.785179
000632,158.61,-397.412,33.8623,-0.0325482,-0.0318689,-0.6175,0.785251
000633,158.815,-398.226,33.9431,-0.0328428,-0.0323189,-0.617651,0.785102
000634,159.002,-399.044,34.0203,-0.0301889,-0.0333306,-0.618168,0.784759
000635,159.208,-399.872,34.1072,-0.0289589,-0.0333503,-0.618087,0.784868
000636,159.409,-400.683,34.1901,-0.0294421,-0.0339979,-0.618301,0.784654
000637,159.604,-401.493,34.2724,-0.0302319,-0.0366253,-0.618566,0.784297
000638,159.803,-402.304,34.3546,-0.0314776,-0.038724,-0.61843,0.784254
000639,160.009,-403.125,34.4328,-0.0315794,-0.0382321,-0.618496,0.784222
000640,160.208,-403.946,34.5251,-0.030288,-0.0368766,-0.618941,0.783986
000641,160.414,-404.775,34.6092,-0.0303369,-0.0366116,-0.61875,0.784148
000642,160.616,-405.614,34.6942,-0.0306263,-0.037278,-0.618773,0.784087
000643,160.818,-406.454,34.7828,-0.031134,-0.0388045,-0.618991,0.783821
000644,161.024,-407.313,34.8706,-0.0313593,-0.039627,-0.61872,0.783984
000645,161.236,-408.174,34.9603,-0.0309033,-0.039265,-0.618911,0.78387
000646,161.452,-409.056,35.0495,-0.0298392,-0.0386824,-0.618457,0.784298
000647,161.653,-409.915,35.1451,-0.0288729,-0.0397718,-0.618687,0.784099
000648,161.86,-410.797,35.2349,-0.0277874,-0.0416074,-0.618255,0.784383
000649,162.067,-411.676,35.329,-0.0265966,-0.0430987,-0.618257,0.784343
000650,162.284,-412.566,35.4207,-0.0252493,-0.0439463,-0.617581,0.784872
000651,162.495,-413.457,35.5215,-0.0231163,-0.0455971,-0.617052,0.78526
000652,162.707,-414.34,35.6212,-0.021165,-0.0469242,-0.616782,0.785449
000653,162.923,-415.22,35.7118,-0.0210177,-0.0451736,-0.616814,0.785531
000654,163.149,-416.114,35.7992,-0.02028,-0.0420944,-0.616579,0.785905
000655,163.373,-417.003,35.8947,-0.0185999,-0.0407572,-0.61631,0.786229
000656,163.587,-417.872,35.985,-0.018705,-0.0411122,-0.616232,0.786268
000657,163.807,-418.758,36.0682,-0.0194086,-0.0424627,-0.616074,0.786303
000658,164.025,-419.628,36.1573,-0.0194987,-0.0435381,-0.615954,0.786336
000659,164.237,-420.492,36.2475,-0.0183883,-0.0438517,-0.615726,0.786524
000660,164.447,-421.356,36.3381,-0.0170297,-0.0435712,-0.615454,0.786784
000661,164.66,-422.21,36.4254,-0.0169082,-0.0429775,-0.615321,0.786922
000662,164.873,-423.05,36.5142,-0.0173305,-0.0425602,-0.61569,0.786648
000663,165.084,-423.883,36.5978,-0.0173771,-0.0423327,-0.616058,0.786371
000664,165.29,-424.725,36.6799,-0.0166898,-0.0422984,-0.615984,0.786445
000665,165.49,-425.516,36.765,-0.0152604,-0.0414629,-0.616662,0.785987
000666,165.686,-426.321,36.8439,-0.0148411,-0.0407865,-0.616852,0.785882
000667,165.879,-427.112,36.9206,-0.0143645,-0.0409013,-0.617476,0.785394
000668,166.067,-427.886,36.9985,-0.0143182,-0.0420524,-0.618409,0.7846
000669,166.255,-428.668,37.0753,-0.0157763,-0.0438006,-0.618709,0.78424
000670,166.443,-429.427,37.1515,-0.018124,-0.0452183,-0.619564,0.783433
000671,166.624,-430.181,37.2283,-0.0198332,-0.0466292,-0.620307,0.782721
000672,166.806,-430.943,37.3085,-0.0201049,-0.0469172,-0.620996,0.78215
000673,166.984,-431.699,37.3912,-0.0189616,-0.0451884,-0.621666,0.781748
000674,167.155,-432.44,37.4692,-0.0174401,-0.0433708,-0.622108,0.781534
000675,167.326,-433.187,37.5501,-0.016349,-0.043181,-0.622594,0.781181
000676,167.496,-433.933,37.6271,-0.0159478,-0.0439553,-0.623134,0.780716
000677,167.665,-434.668,37.6988,-0.0165382,-0.0447348,-0.623517,0.780354
000678,167.836,-435.408,37.7737,-0.0167783,-0.0454565,-0.623789,0.78009
000679,168.001,-436.143,37.8456,-0.0165618,-0.0460094,-0.623969,0.779917
000680,168.166,-436.872,37.9247,-0.0162962,-0.0467424,-0.624212,0.779685
000681,168.332,-437.607,38.0002,-0.0165494,-0.0475194,-0.624514,0.779391
000682,168.501,-438.353,38.0762,-0.0173836,-0.0478795,-0.624426,0.779421
000683,168.669,-439.086,38.1532,-0.0173056,-0.0479769,-0.624829,0.779094
000684,168.834,-439.829,38.2319,-0.0167408,-0.0476381,-0.624619,0.779295
000685,169.003,-440.569,38.3108,-0.0160336,-0.0472164,-0.624483,0.779445
000686,169.171,-441.313,38.3888,-0.0152464,-0.0468293,-0.623914,0.77994
000687,169.341,-442.049,38.4655,-0.0144426,-0.0462149,-0.623455,0.780359
000688,169.508,-442.779,38.5423,-0.0139267,-0.0459108,-0.622747,0.780951
000689,169.68,-443.497,38.6176,-0.0144289,-0.0456215,-0.62218,0.78141
000690,169.85,-444.208,38.6895,-0.0153266,-0.0455969,-0.621362,0.782046
000691,170.019,-444.903,38.7627,-0.0156613,-0.0456486,-0.620819,0.782467
000692,170.185,-445.595,38.8349,-0.0158622,-0.0452142,-0.620037,0.783108
000693,170.352,-446.275,38.907,-0.0159921,-0.0444014,-0.619572,0.78352
000694,170.515,-446.942,38.9766,-0.0159294,-0.0436298,-0.619226,0.783838
000695,170.678,-447.602,39.046,-0.0158715,-0.0431566,-0.618733,0.784255
000696,170.836,-448.25,39.1126,-0.0158925,-0.0430173,-0.618323,0.784585
000697,170.993,-448.883,39.1791,-0.0156726,-0.0432066,-0.618034,0.784806
000698,171.144,-449.509,39.2412,-0.0153831,-0.0432826,-0.61734,0.785355
000699,171.296,-450.122,39.3039,-0.0148411,-0.043495,-0.616922,0.785682
000700,171.446,-450.724,39.3661,-0.0148094,-0.0434916,-0.616562,0.785965
000701,171.594,-451.318,39.4267,-0.0151363,-0.043413,-0.615946,0.786445
000702,171.74,-451.901,39.4867,-0.0153534,-0.0432466,-0.615527,0.786778
000703,171.886,-452.473,39.5443,-0.0153945,-0.0432512,-0.615151,0.787072
000704,172.03,-453.035,39.6024,-0.015373,-0.0431321,-0.614893,0.78728
000705,172.176,-453.598,39.6602,-0.0158092,-0.0424841,-0.614469,0.787638
000706,172.314,-454.128,39.7159,-0.0156793,-0.0419132,-0.614408,0.787718
000707,172.451,-454.664,39.77,-0.0156038,-0.0413957,-0.61402,0.78805
000708,172.585,-455.189,39.8251,-0.0152072,-0.0414605,-0.613643,0.788348
000709,172.713,-455.694,39.8762,-0.0152452,-0.0419332,-0.613374,0.788531
000710,172.843,-456.19,39.9272,-0.0166874,-0.0426902,-0.613053,0.788711
000711,172.968,-456.668,39.9769,-0.0181433,-0.0432924,-0.612867,0.788791
000712,173.091,-457.14,40.023,-0.0189523,-0.0439167,-0.612627,0.788924
000713,173.209,-457.608,40.0709,-0.0187933,-0.0446649,-0.612166,0.789243
000714,173.327,-458.061,40.1189,-0.0185043,-0.0447502,-0.611995,0.789378
000715,173.443,-458.506,40.1676,-0.0181172,-0.0442452,-0.612205,0.789253
000716,173.555,-458.936,40.2146,-0.0181272,-0.0434184,-0.612677,0.788932
000717,173.664,-459.354,40.2618,-0.0179145,-0.0429574,-0.613213,0.788545
000718,173.766,-459.754,40.3042,-0.0176967,-0.0426787,-0.613647,0.788228
000719,173.865,-460.148,40.3459,-0.0174087,-0.0425378,-0.614037,0.787938
000720,173.962,-460.528,40.3848,-0.0173599,-0.0422708,-0.614432,0.787645
000721,174.055,-460.896,40.4233,-0.0170213,-0.0420566,-0.614844,0.787342
000722,174.144,-461.255,40.4606,-0.0166524,-0.041945,-0.615204,0.787075
000723,174.228,-461.601,40.4999,-0.0162806,-0.0417862,-0.61553,0.786837
000724,174.31,-461.939,40.5362,-0.0162331,-0.0415211,-0.616006,0.786479
000725,174.393,-462.261,40.5706,-0.0166845,-0.0409332,-0.616318,0.786256
000726,174.472,-462.574,40.601,-0.0170194,-0.0405745,-0.616705,0.785964
000727,174.545,-462.878,40.6333,-0.0169745,-0.0405249,-0.617272,0.785522
000728,174.614,-463.174,40.6617,-0.0167312,-0.0408468,-0.617565,0.78528
000729,174.684,-463.461,40.6901,-0.016821,-0.0412019,-0.617886,0.785007
000730,174.753,-463.75,40.7172,-0.0169327,-0.0412834,-0.618098,0.784834
000731,174.822,-464.038,40.745,-0.016773,-0.0410896,-0.618203,0.784764
000732,174.891,-464.319,40.774,-0.016814,-0.0407295,-0.617988,0.784952
000733,174.961,-464.598,40.8034,-0.0168901,-0.0404341,-0.617753,0.785151
000734,175.031,-464.868,40.8299,-0.0171772,-0.0400164,-0.617161,0.785631
000735,175.1,-465.142,40.8563,-0.0175569,-0.0395721,-0.616464,0.786192
000736,175.169,-465.416,40.8831,-0.0175983,-0.039423,-0.615398,0.787033
000737,175.239,-465.692,40.9094,-0.0174907,-0.0394383,-0.613637,0.788409
000738,175.313,-465.972,40.9375,-0.0172807,-0.0394052,-0.611281,0.790243
000739,175.392,-466.249,40.9635,-0.0176709,-0.0392859,-0.608185,0.792626
000740,175.476,-466.528,40.995,-0.018103,-0.0390429,-0.604303,0.795591
000741,175.568,-466.809,41.0188,-0.0188625,-0.0390199,-0.599861,0.79893
000742,175.66,-467.099,41.0528,-0.0187627,-0.039198,-0.59487,0.802646
000743,175.766,-467.394,41.08,-0.0193359,-0.0388628,-0.588639,0.80723
000744,175.879,-467.687,41.1093,-0.0204351,-0.0385353,-0.581775,0.81218
000745,176.002,-467.979,41.1363,-0.022021,-0.0380885,-0.574061,0.81763
000746,176.126,-468.266,41.1662,-0.0230759,-0.038667,-0.565731,0.82336
000747,176.255,-468.558,41.2007,-0.0241782,-0.0398479,-0.556862,0.829296
000748,176.39,-468.843,41.2355,-0.0247382,-0.0403221,-0.547764,0.835295
000749,176.537,-469.109,41.2658,-0.0270694,-0.03985,-0.538806,0.841051
000750,176.684,-469.371,41.2928,-0.0302892,-0.039536,-0.532111,0.845209
000751,176.832,-469.64,41.3231,-0.033595,-0.0389154,-0.528641,0.847287
000752,176.961,-469.89,41.3473,-0.0350266,-0.0383693,-0.529078,0.846981
000753,177.085,-470.144,41.3782,-0.0352892,-0.0380247,-0.531159,0.845683
000754,177.193,-470.394,41.4067,-0.0351368,-0.0380643,-0.535595,0.842885
000755,177.294,-470.641,41.4344,-0.0346451,-0.0382973,-0.541744,0.838956
000756,177.375,-470.891,41.4674,-0.0336022,-0.0391684,-0.548835,0.834336
000757,177.468,-471.118,41.4936,-0.0318664,-0.0402049,-0.557467,0.828613
000758,177.54,-471.372,41.5221,-0.0310936,-0.040599,-0.566648,0.822372
000759,177.619,-471.621,41.5479,-0.0307314,-0.0405661,-0.576031,0.815842
000760,177.692,-471.883,41.5755,-0.0304072,-0.0403489,-0.585336,0.809215
000761,177.764,-472.148,41.6038,-0.0297081,-0.0402892,-0.594209,0.802752
000762,177.82,-472.424,41.6343,-0.0284349,-0.041005,-0.602227,0.796764
000763,177.872,-472.701,41.6687,-0.0266781,-0.0422489,-0.609446,0.791251
000764,177.93,-472.971,41.7003,-0.0255509,-0.0428975,-0.615883,0.786254
000765,177.987,-473.245,41.7265,-0.0254325,-0.0426632,-0.621519,0.781823
000766,178.048,-473.506,41.7532,-0.0248945,-0.0421422,-0.625772,0.778469
000767,178.088,-473.791,41.7834,-0.0235608,-0.0417524,-0.629591,0.775446
000768,178.137,-474.045,41.8086,-0.0230894,-0.0414778,-0.632376,0.773206
000769,178.18,-474.29,41.8361,-0.0227982,-0.0416349,-0.633462,0.772316
000770,178.229,-474.523,41.8591,-0.0229009,-0.0415802,-0.632631,0.772998
000771,178.276,-474.754,41.8824,-0.0225749,-0.0417734,-0.629955,0.775179
000772,178.322,-474.971,41.9066,-0.0218337,-0.0421194,-0.626066,0.778326
000773,178.378,-475.178,41.9296,-0.0220416,-0.0415568,-0.621338,0.782129
000774,178.44,-475.367,41.9483,-0.0243789,-0.0402626,-0.615833,0.786469
000775,178.503,-475.545,41.9686,-0.0269118,-0.0392131,-0.61003,0.79095
000776,178.569,-475.714,41.9865,-0.0280252,-0.0381213,-0.604027,0.795558
000777,178.629,-475.885,42.0045,-0.0281602,-0.0371707,-0.597801,0.800287
000778,178.678,-476.033,42.0229,-0.0274775,-0.0371833,-0.591427,0.805032
000779,178.706,-476.174,42.0345,-0.0246654,-0.0414076,-0.584653,0.809851
000780,178.753,-476.292,42.0592,-0.024163,-0.0449306,-0.577595,0.814728
000781,178.811,-476.404,42.0685,-0.0255722,-0.0454733,-0.570838,0.819403
000782,178.876,-476.519,42.0773,-0.0287349,-0.042992,-0.564295,0.823952
000783,178.942,-476.626,42.0854,-0.0307865,-0.0405018,-0.558001,0.828279
000784,179.001,-476.731,42.0964,-0.0313187,-0.0395126,-0.551978,0.832333
000785,179.047,-476.829,42.1097,-0.031357,-0.0391834,-0.546306,0.836081
000786,179.094,-476.924,42.1185,-0.031533,-0.0388754,-0.540437,0.839894
000787,179.141,-477.006,42.1275,-0.0317021,-0.0386564,-0.53501,0.843366
000788,179.187,-477.091,42.1357,-0.0317462,-0.0383629,-0.529973,0.846551
000789,179.229,-477.174,42.1441,-0.0314209,-0.038144,-0.525228,0.849526
000790,179.275,-477.247,42.152,-0.031837,-0.0376172,-0.521459,0.851852
000791,179.321,-477.305,42.1614,-0.0349707,-0.0364404,-0.517576,0.854145
000792,179.371,-477.344,42.1684,-0.0394921,-0.0349914,-0.513017,0.856755
000793,179.415,-477.383,42.1724,-0.0429674,-0.034151,-0.509714,0.858591
000794,179.438,-477.435,42.179,-0.0431149,-0.0340062,-0.507074,0.860151
000795,179.462,-477.488,42.1872,-0.0403218,-0.0340078,-0.503931,0.862132
000796,179.485,-477.542,42.1947,-0.0373158,-0.0340582,-0.501401,0.863739
000797,179.511,-477.592,42.1996,-0.0368535,-0.033905,-0.499269,0.864999
000798,179.545,-477.625,42.2039,-0.0380996,-0.0329293,-0.496565,0.866538
000799,179.576,-477.653,42.2044,-0.0407216,-0.0315954,-0.494243,0.867794
000800,179.608,-477.68,42.2036,-0.0425855,-0.0307881,-0.492396,0.868783
